<?xml version="1.0" encoding="UTF-8"?>
<beans xmlns="http://www.springframework.org/schema/beans"
	xmlns:xsi="http://www.w3.org/2001/XMLSchema-instance" 
	xmlns:aop="http://www.springframework.org/schema/aop"
	xsi:schemaLocation="http://www.springframework.org/schema/beans 
	http://www.springframework.org/schema/beans/spring-beans-4.0.xsd">

<!-- 	<bean id="department" class="com.infinity.model.Department" scope="prototype">
		<constructor-arg name="deptId" value="10"/>
		<constructor-arg name="deptName" value="IT"/>
	</bean> -->

	<bean id="dept" class="com.infinity.model.Department" scope="prototype">
		<constructor-arg name="deptId" value="20"/>
		<constructor-arg name="deptName" value="ME"/>
	</bean>
	
	<bean id="student" class="com.infinity.model.Student" scope="prototype" autowire="byType">
		<property name="studentId" value="1"/>
		<property name="studentName" value="Test"/>
		<property name="studentScore" value="40"/>
		<!-- <property name="department" ref="dept"/> -->
	</bean>

</beans>